{"cameraMode":{"drawMode":0,"name":"Shaded","section":"Shading Mode"},"sceneLighting":true,"audioPlay":false,"sceneViewState":{"m_AlwaysRefresh":false,"showFog":true,"showSkybox":true,"showFlares":true,"showImageEffects":true,"showParticleSystems":true,"showVisualEffectGraphs":true,"m_FxEnabled":true},"in2DMode":false,"pivot":{"x":-0.10821360349655152,"y":1.2187113761901856,"z":-6.342694282531738},"rotation":{"x":0.016147257760167123,"y":-0.07342854887247086,"z":-0.0011809524148702622,"w":-0.9971922636032105},"size":0.5831389427185059,"orthographic":false}