{"cameraMode":{"drawMode":0,"name":"Shaded","section":"Shading Mode"},"sceneLighting":true,"audioPlay":false,"sceneViewState":{"m_AlwaysRefresh":false,"showFog":true,"showSkybox":true,"showFlares":true,"showImageEffects":true,"showParticleSystems":true,"showVisualEffectGraphs":true,"m_FxEnabled":true},"in2DMode":false,"pivot":{"x":-0.3080836236476898,"y":1.1548302173614503,"z":-8.788676261901856},"rotation":{"x":-0.04717284440994263,"y":-0.09604693949222565,"z":0.0045542968437075619,"w":-0.9942643046379089},"size":0.39975056052207949,"orthographic":false}