{"cameraMode":{"drawMode":0,"name":"Shaded","section":"Shading Mode"},"sceneLighting":true,"audioPlay":false,"sceneViewState":{"m_AlwaysRefresh":false,"showFog":true,"showSkybox":true,"showFlares":true,"showImageEffects":true,"showParticleSystems":true,"showVisualEffectGraphs":true,"m_FxEnabled":true},"in2DMode":false,"pivot":{"x":-0.8495680689811707,"y":0.8098499774932861,"z":-5.889653205871582},"rotation":{"x":0.05349884554743767,"y":0.08288291841745377,"z":-0.004459637217223644,"w":0.9951422214508057},"size":1.6469217538833619,"orthographic":false}