{"cameraMode":{"drawMode":0,"name":"Shaded","section":"Shading Mode"},"sceneLighting":true,"audioPlay":false,"sceneViewState":{"m_AlwaysRefresh":false,"showFog":true,"showSkybox":true,"showFlares":true,"showImageEffects":true,"showParticleSystems":true,"showVisualEffectGraphs":true,"m_FxEnabled":true},"in2DMode":false,"pivot":{"x":120.54171752929688,"y":-85.31111907958985,"z":141.36465454101563},"rotation":{"x":-0.20990125834941865,"y":-0.33378010988235476,"z":0.07651696354150772,"w":-0.9158188700675964},"size":107.2949447631836,"orthographic":false}